protein	id	evalue	score
NZ_KB908470.1$~&Oceanimonas$~&smirnovii$~&ATCC$~&BAA-899$~&G364DRAFT_scaffold00017.17,$~&whole$~&genome$~&shotgun$~&sequence_fragment_1_77	PF00009.27	3.9999999999999997e-63	202.5
NZ_KB908463.1$~&Oceanimonas$~&smirnovii$~&ATCC$~&BAA-899$~&G364DRAFT_scaffold00010.10,$~&whole$~&genome$~&shotgun$~&sequence_fragment_1_1	PF00144.24	3.3e-58	187.5
NZ_KB908463.1$~&Oceanimonas$~&smirnovii$~&ATCC$~&BAA-899$~&G364DRAFT_scaffold00010.10,$~&whole$~&genome$~&shotgun$~&sequence_fragment_1_4	PF02729.21	1.2e-51	164.7
NZ_KB908463.1$~&Oceanimonas$~&smirnovii$~&ATCC$~&BAA-899$~&G364DRAFT_scaffold00010.10,$~&whole$~&genome$~&shotgun$~&sequence_fragment_1_3	PF01948.18	4e-35	110.2
NZ_KB908470.1$~&Oceanimonas$~&smirnovii$~&ATCC$~&BAA-899$~&G364DRAFT_scaffold00017.17,$~&whole$~&genome$~&shotgun$~&sequence_fragment_1_82	PF04986.13	1.5999999999999999e-29	93.3
NZ_KB908463.1$~&Oceanimonas$~&smirnovii$~&ATCC$~&BAA-899$~&G364DRAFT_scaffold00010.10,$~&whole$~&genome$~&shotgun$~&sequence_fragment_1_7	PF01551.22	9.499999999999999e-25	76.9
NZ_KB908470.1$~&Oceanimonas$~&smirnovii$~&ATCC$~&BAA-899$~&G364DRAFT_scaffold00017.17,$~&whole$~&genome$~&shotgun$~&sequence_fragment_1_79	PF14072.6	1.8e-23	73.3
NZ_KB908463.1$~&Oceanimonas$~&smirnovii$~&ATCC$~&BAA-899$~&G364DRAFT_scaffold00010.10,$~&whole$~&genome$~&shotgun$~&sequence_fragment_1_2	PF03865.13	1.4000000000000002e-22	70.5
NZ_KB908463.1$~&Oceanimonas$~&smirnovii$~&ATCC$~&BAA-899$~&G364DRAFT_scaffold00010.10,$~&whole$~&genome$~&shotgun$~&sequence_fragment_1_6	PF00583.25	1.3e-18	57.5
NZ_KB908475.1$~&Oceanimonas$~&smirnovii$~&ATCC$~&BAA-899$~&G364DRAFT_scaffold00022.22,$~&whole$~&genome$~&shotgun$~&sequence_fragment_1_17	PF08003.11	5.8e-164	536.0
NZ_KB908475.1$~&Oceanimonas$~&smirnovii$~&ATCC$~&BAA-899$~&G364DRAFT_scaffold00022.22,$~&whole$~&genome$~&shotgun$~&sequence_fragment_1_20	PF14397.6	2.2e-115	376.4
NZ_KB908475.1$~&Oceanimonas$~&smirnovii$~&ATCC$~&BAA-899$~&G364DRAFT_scaffold00022.22,$~&whole$~&genome$~&shotgun$~&sequence_fragment_1_19	PF14402.6	1.8e-112	366.4
NZ_KB908475.1$~&Oceanimonas$~&smirnovii$~&ATCC$~&BAA-899$~&G364DRAFT_scaffold00022.22,$~&whole$~&genome$~&shotgun$~&sequence_fragment_1_13	PF00152.20	2.6000000000000002e-111	363.2
NZ_KB908476.1$~&Oceanimonas$~&smirnovii$~&ATCC$~&BAA-899$~&G364DRAFT_scaffold00023.23,$~&whole$~&genome$~&shotgun$~&sequence_12	PF16363.5	1.3e-102	335.1
NZ_KB908475.1$~&Oceanimonas$~&smirnovii$~&ATCC$~&BAA-899$~&G364DRAFT_scaffold00022.22,$~&whole$~&genome$~&shotgun$~&sequence_fragment_1_11	PF01709.20	3.7e-100	325.9
NZ_KB908475.1$~&Oceanimonas$~&smirnovii$~&ATCC$~&BAA-899$~&G364DRAFT_scaffold00022.22,$~&whole$~&genome$~&shotgun$~&sequence_fragment_1_10	PF02075.17	6.2e-64	206.0
NZ_KB908476.1$~&Oceanimonas$~&smirnovii$~&ATCC$~&BAA-899$~&G364DRAFT_scaffold00023.23,$~&whole$~&genome$~&shotgun$~&sequence_7	PF05045.12	2.9e-57	186.1
NZ_KB908475.1$~&Oceanimonas$~&smirnovii$~&ATCC$~&BAA-899$~&G364DRAFT_scaffold00022.22,$~&whole$~&genome$~&shotgun$~&sequence_fragment_1_14	PF01904.18	1.6e-54	176.9
NZ_KB908476.1$~&Oceanimonas$~&smirnovii$~&ATCC$~&BAA-899$~&G364DRAFT_scaffold00023.23,$~&whole$~&genome$~&shotgun$~&sequence_10	PF00535.26	2.9999999999999995e-54	175.0
NZ_KB908476.1$~&Oceanimonas$~&smirnovii$~&ATCC$~&BAA-899$~&G364DRAFT_scaffold00023.23,$~&whole$~&genome$~&shotgun$~&sequence_1	PF00342.19	1.7e-44	143.8
NZ_KB908475.1$~&Oceanimonas$~&smirnovii$~&ATCC$~&BAA-899$~&G364DRAFT_scaffold00022.22,$~&whole$~&genome$~&shotgun$~&sequence_fragment_1_18	PF05618.11	7.499999999999999e-43	137.4
NZ_KB908469.1$~&Oceanimonas$~&smirnovii$~&ATCC$~&BAA-899$~&G364DRAFT_scaffold00016.16,$~&whole$~&genome$~&shotgun$~&sequence_fragment_1_17	PF12167.8	3.6000000000000003e-28	89.0
NZ_KB908469.1$~&Oceanimonas$~&smirnovii$~&ATCC$~&BAA-899$~&G364DRAFT_scaffold00016.16,$~&whole$~&genome$~&shotgun$~&sequence_fragment_1_15	PF13443.6	6.3e-21	66.3
NZ_KB908469.1$~&Oceanimonas$~&smirnovii$~&ATCC$~&BAA-899$~&G364DRAFT_scaffold00016.16,$~&whole$~&genome$~&shotgun$~&sequence_fragment_1_10	PF15731.5	2.1e-20	64.8
NZ_KB908475.1$~&Oceanimonas$~&smirnovii$~&ATCC$~&BAA-899$~&G364DRAFT_scaffold00022.22,$~&whole$~&genome$~&shotgun$~&sequence_fragment_1_12	PF00293.28	3.2e-20	64.2
NZ_KB908475.1$~&Oceanimonas$~&smirnovii$~&ATCC$~&BAA-899$~&G364DRAFT_scaffold00022.22,$~&whole$~&genome$~&shotgun$~&sequence_fragment_1_16	PF13649.6	2.7e-16	51.8
NZ_KB908469.1$~&Oceanimonas$~&smirnovii$~&ATCC$~&BAA-899$~&G364DRAFT_scaffold00016.16,$~&whole$~&genome$~&shotgun$~&sequence_fragment_1_8	PF02384.16	9.7e-15	46.1
NZ_KB908469.1$~&Oceanimonas$~&smirnovii$~&ATCC$~&BAA-899$~&G364DRAFT_scaffold00016.16,$~&whole$~&genome$~&shotgun$~&sequence_fragment_1_3	PF00149.28	1.9e-13	43.0
NZ_KB908461.1$~&Oceanimonas$~&smirnovii$~&ATCC$~&BAA-899$~&G364DRAFT_scaffold00008.8,$~&whole$~&genome$~&shotgun$~&sequence_fragment_1_35	PF03738.14	2.9e-147	480.9
NZ_KB908464.1$~&Oceanimonas$~&smirnovii$~&ATCC$~&BAA-899$~&G364DRAFT_scaffold00011.11,$~&whole$~&genome$~&shotgun$~&sequence_fragment_1_38	PF04463.12	4.1e-45	143.5
NZ_KB908464.1$~&Oceanimonas$~&smirnovii$~&ATCC$~&BAA-899$~&G364DRAFT_scaffold00011.11,$~&whole$~&genome$~&shotgun$~&sequence_fragment_1_41	PF10985.8	4.4e-38	119.9
NZ_KB908461.1$~&Oceanimonas$~&smirnovii$~&ATCC$~&BAA-899$~&G364DRAFT_scaffold00008.8,$~&whole$~&genome$~&shotgun$~&sequence_fragment_1_33	PF13280.6	1.6e-36	116.2
NZ_KB908464.1$~&Oceanimonas$~&smirnovii$~&ATCC$~&BAA-899$~&G364DRAFT_scaffold00011.11,$~&whole$~&genome$~&shotgun$~&sequence_fragment_1_39	PF03831.14	7.1e-30	93.1
NZ_KB908461.1$~&Oceanimonas$~&smirnovii$~&ATCC$~&BAA-899$~&G364DRAFT_scaffold00008.8,$~&whole$~&genome$~&shotgun$~&sequence_fragment_1_32	PF05958.11	6.400000000000001e-23	71.4
NZ_KB908464.1$~&Oceanimonas$~&smirnovii$~&ATCC$~&BAA-899$~&G364DRAFT_scaffold00011.11,$~&whole$~&genome$~&shotgun$~&sequence_fragment_1_45	PF13166.6	3.9000000000000004e-22	68.8
NZ_KB908464.1$~&Oceanimonas$~&smirnovii$~&ATCC$~&BAA-899$~&G364DRAFT_scaffold00011.11,$~&whole$~&genome$~&shotgun$~&sequence_fragment_1_44	PF01042.21	6e-20	61.8
NZ_KB908461.1$~&Oceanimonas$~&smirnovii$~&ATCC$~&BAA-899$~&G364DRAFT_scaffold00008.8,$~&whole$~&genome$~&shotgun$~&sequence_fragment_1_36	PF06693.11	7e-18	55.8
NZ_KB908464.1$~&Oceanimonas$~&smirnovii$~&ATCC$~&BAA-899$~&G364DRAFT_scaffold00011.11,$~&whole$~&genome$~&shotgun$~&sequence_fragment_1_42	PF05154.16	4.7e-16	49.2
NZ_KB908455.1$~&Oceanimonas$~&smirnovii$~&ATCC$~&BAA-899$~&G364DRAFT_scaffold00002.2,$~&whole$~&genome$~&shotgun$~&sequence_fragment_3_277	PF00478.25	3.2000000000000002e-162	532.1
NZ_KB908455.1$~&Oceanimonas$~&smirnovii$~&ATCC$~&BAA-899$~&G364DRAFT_scaffold00002.2,$~&whole$~&genome$~&shotgun$~&sequence_fragment_3_233	PF05876.12	3.8999999999999997e-140	460.8
NZ_KB908455.1$~&Oceanimonas$~&smirnovii$~&ATCC$~&BAA-899$~&G364DRAFT_scaffold00002.2,$~&whole$~&genome$~&shotgun$~&sequence_fragment_3_261	PF04381.12	3.0000000000000004e-125	410.2
NZ_KB908455.1$~&Oceanimonas$~&smirnovii$~&ATCC$~&BAA-899$~&G364DRAFT_scaffold00002.2,$~&whole$~&genome$~&shotgun$~&sequence_fragment_2_123	PF02384.16	2.7000000000000002e-104	341.5
NZ_KB908455.1$~&Oceanimonas$~&smirnovii$~&ATCC$~&BAA-899$~&G364DRAFT_scaffold00002.2,$~&whole$~&genome$~&shotgun$~&sequence_fragment_3_278	PF02601.15	2e-102	335.6
NZ_KB908455.1$~&Oceanimonas$~&smirnovii$~&ATCC$~&BAA-899$~&G364DRAFT_scaffold00002.2,$~&whole$~&genome$~&shotgun$~&sequence_fragment_3_231	PF05136.13	8.6e-84	274.5
NZ_KB908455.1$~&Oceanimonas$~&smirnovii$~&ATCC$~&BAA-899$~&G364DRAFT_scaffold00002.2,$~&whole$~&genome$~&shotgun$~&sequence_fragment_3_209	PF00682.19	1.6e-72	237.0
NZ_KB908455.1$~&Oceanimonas$~&smirnovii$~&ATCC$~&BAA-899$~&G364DRAFT_scaffold00002.2,$~&whole$~&genome$~&shotgun$~&sequence_fragment_3_219	PF05100.12	3.1e-69	225.2
NZ_KB908455.1$~&Oceanimonas$~&smirnovii$~&ATCC$~&BAA-899$~&G364DRAFT_scaffold00002.2,$~&whole$~&genome$~&shotgun$~&sequence_fragment_2_117	PF18766.1	1.6999999999999999e-68	223.4
NZ_KB908455.1$~&Oceanimonas$~&smirnovii$~&ATCC$~&BAA-899$~&G364DRAFT_scaffold00002.2,$~&whole$~&genome$~&shotgun$~&sequence_fragment_2_122	PF06250.11	1.1000000000000001e-60	196.8
NZ_KB908457.1$~&Oceanimonas$~&smirnovii$~&ATCC$~&BAA-899$~&G364DRAFT_scaffold00004.4,$~&whole$~&genome$~&shotgun$~&sequence_fragment_1_21	PF00075.24	4.8e-55	178.5
NZ_KB908455.1$~&Oceanimonas$~&smirnovii$~&ATCC$~&BAA-899$~&G364DRAFT_scaffold00002.2,$~&whole$~&genome$~&shotgun$~&sequence_fragment_3_242	PF06147.11	4.5e-54	176.5
NZ_KB908455.1$~&Oceanimonas$~&smirnovii$~&ATCC$~&BAA-899$~&G364DRAFT_scaffold00002.2,$~&whole$~&genome$~&shotgun$~&sequence_fragment_3_268	PF00436.25	1.1e-46	150.1
NZ_KB908455.1$~&Oceanimonas$~&smirnovii$~&ATCC$~&BAA-899$~&G364DRAFT_scaffold00002.2,$~&whole$~&genome$~&shotgun$~&sequence_fragment_3_276	PF00958.22	1.1e-45	146.5
NZ_KB908455.1$~&Oceanimonas$~&smirnovii$~&ATCC$~&BAA-899$~&G364DRAFT_scaffold00002.2,$~&whole$~&genome$~&shotgun$~&sequence_fragment_1_75	PF13644.6	1.2e-42	138.9
NZ_KB908455.1$~&Oceanimonas$~&smirnovii$~&ATCC$~&BAA-899$~&G364DRAFT_scaffold00002.2,$~&whole$~&genome$~&shotgun$~&sequence_fragment_3_266	PF05869.11	3.2e-42	136.8
NZ_KB908457.1$~&Oceanimonas$~&smirnovii$~&ATCC$~&BAA-899$~&G364DRAFT_scaffold00004.4,$~&whole$~&genome$~&shotgun$~&sequence_fragment_1_22	PF00929.24	4.7e-40	130.6
NZ_KB908455.1$~&Oceanimonas$~&smirnovii$~&ATCC$~&BAA-899$~&G364DRAFT_scaffold00002.2,$~&whole$~&genome$~&shotgun$~&sequence_fragment_3_224	PF16461.5	1.4999999999999998e-39	127.6
NZ_KB908455.1$~&Oceanimonas$~&smirnovii$~&ATCC$~&BAA-899$~&G364DRAFT_scaffold00002.2,$~&whole$~&genome$~&shotgun$~&sequence_fragment_3_230	PF00574.23	7.1e-35	113.3
NZ_KB908455.1$~&Oceanimonas$~&smirnovii$~&ATCC$~&BAA-899$~&G364DRAFT_scaffold00002.2,$~&whole$~&genome$~&shotgun$~&sequence_fragment_2_118	PF03235.14	1.4e-34	113.0
NZ_KB908455.1$~&Oceanimonas$~&smirnovii$~&ATCC$~&BAA-899$~&G364DRAFT_scaffold00002.2,$~&whole$~&genome$~&shotgun$~&sequence_fragment_3_226	PF06763.11	5e-33	107.3
NZ_KB908455.1$~&Oceanimonas$~&smirnovii$~&ATCC$~&BAA-899$~&G364DRAFT_scaffold00002.2,$~&whole$~&genome$~&shotgun$~&sequence_fragment_2_119	PF03235.14	6.2e-32	104.3
NZ_KB908455.1$~&Oceanimonas$~&smirnovii$~&ATCC$~&BAA-899$~&G364DRAFT_scaffold00002.2,$~&whole$~&genome$~&shotgun$~&sequence_fragment_3_216	PF13550.6	9.999999999999999e-31	99.6
NZ_KB908455.1$~&Oceanimonas$~&smirnovii$~&ATCC$~&BAA-899$~&G364DRAFT_scaffold00002.2,$~&whole$~&genome$~&shotgun$~&sequence_fragment_3_238	PF08965.10	1.2000000000000001e-30	98.8
NZ_KB908455.1$~&Oceanimonas$~&smirnovii$~&ATCC$~&BAA-899$~&G364DRAFT_scaffold00002.2,$~&whole$~&genome$~&shotgun$~&sequence_fragment_3_234	PF07471.12	2.3000000000000002e-30	98.3
NZ_KB908455.1$~&Oceanimonas$~&smirnovii$~&ATCC$~&BAA-899$~&G364DRAFT_scaffold00002.2,$~&whole$~&genome$~&shotgun$~&sequence_fragment_1_77	PF00174.19	1.7e-29	95.5
NZ_KB908457.1$~&Oceanimonas$~&smirnovii$~&ATCC$~&BAA-899$~&G364DRAFT_scaffold00004.4,$~&whole$~&genome$~&shotgun$~&sequence_fragment_1_18	PF01476.20	7.5e-29	92.5
NZ_KB908455.1$~&Oceanimonas$~&smirnovii$~&ATCC$~&BAA-899$~&G364DRAFT_scaffold00002.2,$~&whole$~&genome$~&shotgun$~&sequence_fragment_3_220	PF05939.13	2.8000000000000002e-28	91.3
NZ_KB908455.1$~&Oceanimonas$~&smirnovii$~&ATCC$~&BAA-899$~&G364DRAFT_scaffold00002.2,$~&whole$~&genome$~&shotgun$~&sequence_fragment_3_246	PF03374.14	3.8000000000000005e-28	90.8
NZ_KB908457.1$~&Oceanimonas$~&smirnovii$~&ATCC$~&BAA-899$~&G364DRAFT_scaffold00004.4,$~&whole$~&genome$~&shotgun$~&sequence_fragment_1_19	PF16123.5	1.7000000000000002e-27	88.6
NZ_KB908455.1$~&Oceanimonas$~&smirnovii$~&ATCC$~&BAA-899$~&G364DRAFT_scaffold00002.2,$~&whole$~&genome$~&shotgun$~&sequence_fragment_3_249	PF09524.10	1.9e-27	88.0
NZ_KB908455.1$~&Oceanimonas$~&smirnovii$~&ATCC$~&BAA-899$~&G364DRAFT_scaffold00002.2,$~&whole$~&genome$~&shotgun$~&sequence_fragment_1_81	PF13358.6	3.9e-26	84.4
NZ_KB908455.1$~&Oceanimonas$~&smirnovii$~&ATCC$~&BAA-899$~&G364DRAFT_scaffold00002.2,$~&whole$~&genome$~&shotgun$~&sequence_fragment_2_121	PF01420.19	1.0999999999999999e-25	83.6
NZ_KB908455.1$~&Oceanimonas$~&smirnovii$~&ATCC$~&BAA-899$~&G364DRAFT_scaffold00002.2,$~&whole$~&genome$~&shotgun$~&sequence_fragment_3_275	PF00589.22	1.4e-25	82.9
NZ_KB908455.1$~&Oceanimonas$~&smirnovii$~&ATCC$~&BAA-899$~&G364DRAFT_scaffold00002.2,$~&whole$~&genome$~&shotgun$~&sequence_fragment_3_255	PF11236.8	2.3e-25	82.2
NZ_KB908455.1$~&Oceanimonas$~&smirnovii$~&ATCC$~&BAA-899$~&G364DRAFT_scaffold00002.2,$~&whole$~&genome$~&shotgun$~&sequence_fragment_3_237	PF16083.5	5.6e-25	80.2
NZ_KB908455.1$~&Oceanimonas$~&smirnovii$~&ATCC$~&BAA-899$~&G364DRAFT_scaffold00002.2,$~&whole$~&genome$~&shotgun$~&sequence_fragment_3_235	PF03245.13	1.6000000000000002e-22	72.8
NZ_KB908455.1$~&Oceanimonas$~&smirnovii$~&ATCC$~&BAA-899$~&G364DRAFT_scaffold00002.2,$~&whole$~&genome$~&shotgun$~&sequence_fragment_3_240	PF06530.12	2e-21	69.0
NZ_KB908455.1$~&Oceanimonas$~&smirnovii$~&ATCC$~&BAA-899$~&G364DRAFT_scaffold00002.2,$~&whole$~&genome$~&shotgun$~&sequence_fragment_2_120	PF13749.6	4.8e-21	67.6
NZ_KB908455.1$~&Oceanimonas$~&smirnovii$~&ATCC$~&BAA-899$~&G364DRAFT_scaffold00002.2,$~&whole$~&genome$~&shotgun$~&sequence_fragment_3_253	PF00717.23	7.8e-21	66.7
NZ_KB908457.1$~&Oceanimonas$~&smirnovii$~&ATCC$~&BAA-899$~&G364DRAFT_scaffold00004.4,$~&whole$~&genome$~&shotgun$~&sequence_fragment_1_25	PF03061.22	9e-21	66.9
NZ_KB908455.1$~&Oceanimonas$~&smirnovii$~&ATCC$~&BAA-899$~&G364DRAFT_scaffold00002.2,$~&whole$~&genome$~&shotgun$~&sequence_fragment_3_241	PF05866.11	1.4e-20	66.9
NZ_KB908455.1$~&Oceanimonas$~&smirnovii$~&ATCC$~&BAA-899$~&G364DRAFT_scaffold00002.2,$~&whole$~&genome$~&shotgun$~&sequence_fragment_3_210	PF12833.7	4.1e-20	64.8
NZ_KB908455.1$~&Oceanimonas$~&smirnovii$~&ATCC$~&BAA-899$~&G364DRAFT_scaffold00002.2,$~&whole$~&genome$~&shotgun$~&sequence_fragment_3_222	PF06223.12	9.9e-20	63.9
NZ_KB908457.1$~&Oceanimonas$~&smirnovii$~&ATCC$~&BAA-899$~&G364DRAFT_scaffold00004.4,$~&whole$~&genome$~&shotgun$~&sequence_fragment_1_24	PF03372.23	2.8e-19	62.3
NZ_KB908455.1$~&Oceanimonas$~&smirnovii$~&ATCC$~&BAA-899$~&G364DRAFT_scaffold00002.2,$~&whole$~&genome$~&shotgun$~&sequence_fragment_1_80	PF01527.20	6.9e-19	60.8
NZ_KB908455.1$~&Oceanimonas$~&smirnovii$~&ATCC$~&BAA-899$~&G364DRAFT_scaffold00002.2,$~&whole$~&genome$~&shotgun$~&sequence_fragment_1_79	PF13683.6	1.4e-17	56.1
NZ_KB908455.1$~&Oceanimonas$~&smirnovii$~&ATCC$~&BAA-899$~&G364DRAFT_scaffold00002.2,$~&whole$~&genome$~&shotgun$~&sequence_fragment_3_251	PF06892.11	1.5e-17	56.4
NZ_KB908455.1$~&Oceanimonas$~&smirnovii$~&ATCC$~&BAA-899$~&G364DRAFT_scaffold00002.2,$~&whole$~&genome$~&shotgun$~&sequence_fragment_3_274	PF05930.12	1e-16	53.4
NZ_KB908455.1$~&Oceanimonas$~&smirnovii$~&ATCC$~&BAA-899$~&G364DRAFT_scaffold00002.2,$~&whole$~&genome$~&shotgun$~&sequence_fragment_1_73	PF13673.7	1.1e-16	53.8
NZ_KB908455.1$~&Oceanimonas$~&smirnovii$~&ATCC$~&BAA-899$~&G364DRAFT_scaffold00002.2,$~&whole$~&genome$~&shotgun$~&sequence_fragment_3_236	PF13539.6	5.5e-16	51.7
NZ_KB908455.1$~&Oceanimonas$~&smirnovii$~&ATCC$~&BAA-899$~&G364DRAFT_scaffold00002.2,$~&whole$~&genome$~&shotgun$~&sequence_fragment_3_269	PF02498.17	1.3e-14	47.5
NZ_KB908455.1$~&Oceanimonas$~&smirnovii$~&ATCC$~&BAA-899$~&G364DRAFT_scaffold00002.2,$~&whole$~&genome$~&shotgun$~&sequence_fragment_3_218	PF00877.19	4.1e-14	45.4
NZ_KB908455.1$~&Oceanimonas$~&smirnovii$~&ATCC$~&BAA-899$~&G364DRAFT_scaffold00002.2,$~&whole$~&genome$~&shotgun$~&sequence_fragment_3_264	PF12728.7	3.6e-13	42.4
NZ_KB908455.1$~&Oceanimonas$~&smirnovii$~&ATCC$~&BAA-899$~&G364DRAFT_scaffold00002.2,$~&whole$~&genome$~&shotgun$~&sequence_fragment_3_217	PF06805.12	1.4e-12	40.7
NZ_KB908454.1$~&Oceanimonas$~&smirnovii$~&ATCC$~&BAA-899$~&G364DRAFT_scaffold00001.1,$~&whole$~&genome$~&shotgun$~&sequence_fragment_1_107	PF01411.19	2.4e-231	761.7
NZ_KB908456.1$~&Oceanimonas$~&smirnovii$~&ATCC$~&BAA-899$~&G364DRAFT_scaffold00003.3,$~&whole$~&genome$~&shotgun$~&sequence_fragment_2_113	PF10758.9	3.3999999999999996e-177	581.8
NZ_KB908456.1$~&Oceanimonas$~&smirnovii$~&ATCC$~&BAA-899$~&G364DRAFT_scaffold00003.3,$~&whole$~&genome$~&shotgun$~&sequence_fragment_1_7	PF00521.20	6.200000000000001e-157	515.5
NZ_KB908454.1$~&Oceanimonas$~&smirnovii$~&ATCC$~&BAA-899$~&G364DRAFT_scaffold00001.1,$~&whole$~&genome$~&shotgun$~&sequence_fragment_1_105	PF00154.21	5.4e-148	484.3
NZ_KB908456.1$~&Oceanimonas$~&smirnovii$~&ATCC$~&BAA-899$~&G364DRAFT_scaffold00003.3,$~&whole$~&genome$~&shotgun$~&sequence_fragment_1_9	PF02867.15	2.1e-124	408.6
NZ_KB908456.1$~&Oceanimonas$~&smirnovii$~&ATCC$~&BAA-899$~&G364DRAFT_scaffold00003.3,$~&whole$~&genome$~&shotgun$~&sequence_fragment_2_108	PF05125.12	7.9e-108	353.0
NZ_KB908454.1$~&Oceanimonas$~&smirnovii$~&ATCC$~&BAA-899$~&G364DRAFT_scaffold00001.1,$~&whole$~&genome$~&shotgun$~&sequence_fragment_1_112	PF01207.17	1.5e-95	312.5
NZ_KB908456.1$~&Oceanimonas$~&smirnovii$~&ATCC$~&BAA-899$~&G364DRAFT_scaffold00003.3,$~&whole$~&genome$~&shotgun$~&sequence_fragment_2_99	PF05840.13	1.2e-89	293.2
NZ_KB908454.1$~&Oceanimonas$~&smirnovii$~&ATCC$~&BAA-899$~&G364DRAFT_scaffold00001.1,$~&whole$~&genome$~&shotgun$~&sequence_fragment_1_103	PF00488.21	3.3e-88	287.4
NZ_KB908477.1$~&Oceanimonas$~&smirnovii$~&ATCC$~&BAA-899$~&G364DRAFT_scaffold00024.24,$~&whole$~&genome$~&shotgun$~&sequence_7	PF05954.11	2.7e-81	265.9
NZ_KB908454.1$~&Oceanimonas$~&smirnovii$~&ATCC$~&BAA-899$~&G364DRAFT_scaffold00001.1,$~&whole$~&genome$~&shotgun$~&sequence_fragment_4_296	PF06067.11	6.8e-79	257.6
NZ_KB908456.1$~&Oceanimonas$~&smirnovii$~&ATCC$~&BAA-899$~&G364DRAFT_scaffold00003.3,$~&whole$~&genome$~&shotgun$~&sequence_fragment_1_15	PF00563.20	2.7999999999999997e-68	222.7
NZ_KB908454.1$~&Oceanimonas$~&smirnovii$~&ATCC$~&BAA-899$~&G364DRAFT_scaffold00001.1,$~&whole$~&genome$~&shotgun$~&sequence_fragment_1_99	PF01135.19	2.7e-66	216.1
NZ_KB908456.1$~&Oceanimonas$~&smirnovii$~&ATCC$~&BAA-899$~&G364DRAFT_scaffold00003.3,$~&whole$~&genome$~&shotgun$~&sequence_fragment_2_114	PF10772.9	4.5e-63	204.1
NZ_KB908454.1$~&Oceanimonas$~&smirnovii$~&ATCC$~&BAA-899$~&G364DRAFT_scaffold00001.1,$~&whole$~&genome$~&shotgun$~&sequence_fragment_1_104	PF02464.17	2.8e-58	188.6
NZ_KB908456.1$~&Oceanimonas$~&smirnovii$~&ATCC$~&BAA-899$~&G364DRAFT_scaffold00003.3,$~&whole$~&genome$~&shotgun$~&sequence_fragment_2_92	PF06892.11	1.8e-57	186.1
NZ_KB908454.1$~&Oceanimonas$~&smirnovii$~&ATCC$~&BAA-899$~&G364DRAFT_scaffold00001.1,$~&whole$~&genome$~&shotgun$~&sequence_fragment_4_298	PF11726.8	1.1e-55	181.1
NZ_KB908454.1$~&Oceanimonas$~&smirnovii$~&ATCC$~&BAA-899$~&G364DRAFT_scaffold00001.1,$~&whole$~&genome$~&shotgun$~&sequence_fragment_4_289	PF14335.6	3.8e-53	173.4
NZ_KB908456.1$~&Oceanimonas$~&smirnovii$~&ATCC$~&BAA-899$~&G364DRAFT_scaffold00003.3,$~&whole$~&genome$~&shotgun$~&sequence_fragment_2_106	PF03237.15	5e-53	172.7
NZ_KB908456.1$~&Oceanimonas$~&smirnovii$~&ATCC$~&BAA-899$~&G364DRAFT_scaffold00003.3,$~&whole$~&genome$~&shotgun$~&sequence_fragment_1_10	PF00268.21	2.6e-52	170.7
NZ_KB908454.1$~&Oceanimonas$~&smirnovii$~&ATCC$~&BAA-899$~&G364DRAFT_scaffold00001.1,$~&whole$~&genome$~&shotgun$~&sequence_fragment_4_286	PF14103.6	1.9e-50	164.4
NZ_KB908454.1$~&Oceanimonas$~&smirnovii$~&ATCC$~&BAA-899$~&G364DRAFT_scaffold00001.1,$~&whole$~&genome$~&shotgun$~&sequence_fragment_1_110	PF03466.20	7e-49	158.8
NZ_KB908456.1$~&Oceanimonas$~&smirnovii$~&ATCC$~&BAA-899$~&G364DRAFT_scaffold00003.3,$~&whole$~&genome$~&shotgun$~&sequence_fragment_2_109	PF05944.12	2.6000000000000002e-48	156.1
NZ_KB908456.1$~&Oceanimonas$~&smirnovii$~&ATCC$~&BAA-899$~&G364DRAFT_scaffold00003.3,$~&whole$~&genome$~&shotgun$~&sequence_fragment_2_107	PF05929.11	9.3e-47	152.6
NZ_KB908456.1$~&Oceanimonas$~&smirnovii$~&ATCC$~&BAA-899$~&G364DRAFT_scaffold00003.3,$~&whole$~&genome$~&shotgun$~&sequence_fragment_2_110	PF05926.11	1.1e-44	144.6
NZ_KB908454.1$~&Oceanimonas$~&smirnovii$~&ATCC$~&BAA-899$~&G364DRAFT_scaffold00001.1,$~&whole$~&genome$~&shotgun$~&sequence_fragment_4_292	PF04002.15	7.400000000000001e-44	141.4
NZ_KB908456.1$~&Oceanimonas$~&smirnovii$~&ATCC$~&BAA-899$~&G364DRAFT_scaffold00003.3,$~&whole$~&genome$~&shotgun$~&sequence_fragment_2_121	PF10761.9	9.3e-43	137.3
NZ_KB908454.1$~&Oceanimonas$~&smirnovii$~&ATCC$~&BAA-899$~&G364DRAFT_scaffold00001.1,$~&whole$~&genome$~&shotgun$~&sequence_fragment_4_287	PF13304.6	6.7e-38	123.9
NZ_KB908456.1$~&Oceanimonas$~&smirnovii$~&ATCC$~&BAA-899$~&G364DRAFT_scaffold00003.3,$~&whole$~&genome$~&shotgun$~&sequence_fragment_3_208	PF13430.6	1.5e-36	117.7
NZ_KB908454.1$~&Oceanimonas$~&smirnovii$~&ATCC$~&BAA-899$~&G364DRAFT_scaffold00001.1,$~&whole$~&genome$~&shotgun$~&sequence_fragment_4_295	PF09588.10	2e-36	118.1
NZ_KB908456.1$~&Oceanimonas$~&smirnovii$~&ATCC$~&BAA-899$~&G364DRAFT_scaffold00003.3,$~&whole$~&genome$~&shotgun$~&sequence_fragment_2_119	PF10963.8	2.4e-36	116.6
NZ_KB908456.1$~&Oceanimonas$~&smirnovii$~&ATCC$~&BAA-899$~&G364DRAFT_scaffold00003.3,$~&whole$~&genome$~&shotgun$~&sequence_fragment_3_205	PF08883.11	4.6e-36	116.1
NZ_KB908456.1$~&Oceanimonas$~&smirnovii$~&ATCC$~&BAA-899$~&G364DRAFT_scaffold00003.3,$~&whole$~&genome$~&shotgun$~&sequence_fragment_2_124	PF12571.8	3.9e-35	113.9
NZ_KB908456.1$~&Oceanimonas$~&smirnovii$~&ATCC$~&BAA-899$~&G364DRAFT_scaffold00003.3,$~&whole$~&genome$~&shotgun$~&sequence_fragment_1_18	PF11937.8	1.8e-34	112.2
NZ_KB908454.1$~&Oceanimonas$~&smirnovii$~&ATCC$~&BAA-899$~&G364DRAFT_scaffold00001.1,$~&whole$~&genome$~&shotgun$~&sequence_fragment_1_111	PF08534.10	1.6000000000000002e-33	108.2
NZ_KB908454.1$~&Oceanimonas$~&smirnovii$~&ATCC$~&BAA-899$~&G364DRAFT_scaffold00001.1,$~&whole$~&genome$~&shotgun$~&sequence_fragment_4_288	PF01555.18	5.5e-33	107.3
NZ_KB908456.1$~&Oceanimonas$~&smirnovii$~&ATCC$~&BAA-899$~&G364DRAFT_scaffold00003.3,$~&whole$~&genome$~&shotgun$~&sequence_fragment_1_19	PF13604.6	1.2e-32	105.9
NZ_KB908454.1$~&Oceanimonas$~&smirnovii$~&ATCC$~&BAA-899$~&G364DRAFT_scaffold00001.1,$~&whole$~&genome$~&shotgun$~&sequence_fragment_1_101	PF01476.20	9.6e-32	101.7
NZ_KB908456.1$~&Oceanimonas$~&smirnovii$~&ATCC$~&BAA-899$~&G364DRAFT_scaffold00003.3,$~&whole$~&genome$~&shotgun$~&sequence_fragment_2_116	PF05106.12	9.9e-31	99.0
NZ_KB908456.1$~&Oceanimonas$~&smirnovii$~&ATCC$~&BAA-899$~&G364DRAFT_scaffold00003.3,$~&whole$~&genome$~&shotgun$~&sequence_fragment_1_14	PF03109.16	1.3000000000000001e-30	98.9
NZ_KB908454.1$~&Oceanimonas$~&smirnovii$~&ATCC$~&BAA-899$~&G364DRAFT_scaffold00001.1,$~&whole$~&genome$~&shotgun$~&sequence_fragment_1_106	PF02631.16	1.3000000000000001e-30	99.2
NZ_KB908454.1$~&Oceanimonas$~&smirnovii$~&ATCC$~&BAA-899$~&G364DRAFT_scaffold00001.1,$~&whole$~&genome$~&shotgun$~&sequence_fragment_1_108	PF02599.16	1.1000000000000002e-28	91.8
NZ_KB908456.1$~&Oceanimonas$~&smirnovii$~&ATCC$~&BAA-899$~&G364DRAFT_scaffold00003.3,$~&whole$~&genome$~&shotgun$~&sequence_fragment_2_111	PF06891.11	1.2e-28	92.7
NZ_KB908454.1$~&Oceanimonas$~&smirnovii$~&ATCC$~&BAA-899$~&G364DRAFT_scaffold00001.1,$~&whole$~&genome$~&shotgun$~&sequence_fragment_1_115	PF08808.11	2.7000000000000003e-28	91.7
NZ_KB908456.1$~&Oceanimonas$~&smirnovii$~&ATCC$~&BAA-899$~&G364DRAFT_scaffold00003.3,$~&whole$~&genome$~&shotgun$~&sequence_fragment_3_204	PF03235.14	3.8000000000000005e-28	91.9
NZ_KB908456.1$~&Oceanimonas$~&smirnovii$~&ATCC$~&BAA-899$~&G364DRAFT_scaffold00003.3,$~&whole$~&genome$~&shotgun$~&sequence_fragment_1_8	PF13489.6	4.3e-28	91.0
NZ_KB908456.1$~&Oceanimonas$~&smirnovii$~&ATCC$~&BAA-899$~&G364DRAFT_scaffold00003.3,$~&whole$~&genome$~&shotgun$~&sequence_fragment_2_120	PF10145.9	7.7e-27	87.2
NZ_KB908454.1$~&Oceanimonas$~&smirnovii$~&ATCC$~&BAA-899$~&G364DRAFT_scaffold00001.1,$~&whole$~&genome$~&shotgun$~&sequence_fragment_4_297	PF05930.12	4.9e-26	83.2
NZ_KB908456.1$~&Oceanimonas$~&smirnovii$~&ATCC$~&BAA-899$~&G364DRAFT_scaffold00003.3,$~&whole$~&genome$~&shotgun$~&sequence_fragment_2_122	PF04865.14	4.9e-26	84.1
NZ_KB908456.1$~&Oceanimonas$~&smirnovii$~&ATCC$~&BAA-899$~&G364DRAFT_scaffold00003.3,$~&whole$~&genome$~&shotgun$~&sequence_fragment_2_86	PF00589.22	9.7e-26	83.3
NZ_KB908456.1$~&Oceanimonas$~&smirnovii$~&ATCC$~&BAA-899$~&G364DRAFT_scaffold00003.3,$~&whole$~&genome$~&shotgun$~&sequence_fragment_1_16	PF10099.9	4.399999999999999e-24	78.5
NZ_KB908454.1$~&Oceanimonas$~&smirnovii$~&ATCC$~&BAA-899$~&G364DRAFT_scaffold00001.1,$~&whole$~&genome$~&shotgun$~&sequence_fragment_1_102	PF04539.16	9.7e-24	76.1
NZ_KB908456.1$~&Oceanimonas$~&smirnovii$~&ATCC$~&BAA-899$~&G364DRAFT_scaffold00003.3,$~&whole$~&genome$~&shotgun$~&sequence_fragment_2_125	PF14301.6	7.9e-23	73.6
NZ_KB908477.1$~&Oceanimonas$~&smirnovii$~&ATCC$~&BAA-899$~&G364DRAFT_scaffold00024.24,$~&whole$~&genome$~&shotgun$~&sequence_6	PF13503.6	1.5e-20	66.8
NZ_KB908456.1$~&Oceanimonas$~&smirnovii$~&ATCC$~&BAA-899$~&G364DRAFT_scaffold00003.3,$~&whole$~&genome$~&shotgun$~&sequence_fragment_2_85	PF04607.17	2.5e-20	65.8
NZ_KB908454.1$~&Oceanimonas$~&smirnovii$~&ATCC$~&BAA-899$~&G364DRAFT_scaffold00001.1,$~&whole$~&genome$~&shotgun$~&sequence_fragment_4_284	PF04851.15	9.2e-19	60.8
NZ_KB908456.1$~&Oceanimonas$~&smirnovii$~&ATCC$~&BAA-899$~&G364DRAFT_scaffold00003.3,$~&whole$~&genome$~&shotgun$~&sequence_fragment_1_17	PF04542.14	1.1e-18	59.6
NZ_KB908456.1$~&Oceanimonas$~&smirnovii$~&ATCC$~&BAA-899$~&G364DRAFT_scaffold00003.3,$~&whole$~&genome$~&shotgun$~&sequence_fragment_1_11	PF07383.12	5.8e-18	57.1
NZ_KB908456.1$~&Oceanimonas$~&smirnovii$~&ATCC$~&BAA-899$~&G364DRAFT_scaffold00003.3,$~&whole$~&genome$~&shotgun$~&sequence_fragment_3_201	PF13304.6	6e-18	58.4
NZ_KB908456.1$~&Oceanimonas$~&smirnovii$~&ATCC$~&BAA-899$~&G364DRAFT_scaffold00003.3,$~&whole$~&genome$~&shotgun$~&sequence_fragment_2_100	PF08681.11	1.2e-17	56.5
NZ_KB908456.1$~&Oceanimonas$~&smirnovii$~&ATCC$~&BAA-899$~&G364DRAFT_scaffold00003.3,$~&whole$~&genome$~&shotgun$~&sequence_fragment_2_115	PF01258.17	5.2e-16	51.2
NZ_KB908456.1$~&Oceanimonas$~&smirnovii$~&ATCC$~&BAA-899$~&G364DRAFT_scaffold00003.3,$~&whole$~&genome$~&shotgun$~&sequence_fragment_2_105	PF04860.12	2.1e-15	49.4
NZ_KB908454.1$~&Oceanimonas$~&smirnovii$~&ATCC$~&BAA-899$~&G364DRAFT_scaffold00001.1,$~&whole$~&genome$~&shotgun$~&sequence_fragment_4_290	PF00271.31	4.8e-15	48.7
NZ_KB908456.1$~&Oceanimonas$~&smirnovii$~&ATCC$~&BAA-899$~&G364DRAFT_scaffold00003.3,$~&whole$~&genome$~&shotgun$~&sequence_fragment_2_101	PF13673.7	2.7e-14	46.0
NZ_KB908456.1$~&Oceanimonas$~&smirnovii$~&ATCC$~&BAA-899$~&G364DRAFT_scaffold00003.3,$~&whole$~&genome$~&shotgun$~&sequence_fragment_2_117	PF00959.19	4.4e-14	45.7
NZ_KB908456.1$~&Oceanimonas$~&smirnovii$~&ATCC$~&BAA-899$~&G364DRAFT_scaffold00003.3,$~&whole$~&genome$~&shotgun$~&sequence_fragment_2_104	PF04606.12	5.9e-14	44.7
NZ_KB908454.1$~&Oceanimonas$~&smirnovii$~&ATCC$~&BAA-899$~&G364DRAFT_scaffold00001.1,$~&whole$~&genome$~&shotgun$~&sequence_fragment_1_100	PF09335.11	3.3e-13	43.0
