protein	id	evalue	score
NZ_KB908454.1$~&Oceanimonas$~&smirnovii$~&ATCC$~&BAA-899$~&G364DRAFT_scaffold00001.1,$~&whole$~&genome$~&shotgun$~&sequence_fragment_1_107	PF01411.19	1.7e-231	761.7
NZ_KB908475.1$~&Oceanimonas$~&smirnovii$~&ATCC$~&BAA-899$~&G364DRAFT_scaffold00022.22,$~&whole$~&genome$~&shotgun$~&sequence_fragment_1_17	PF08003.11	9.500000000000002e-164	536.0
NZ_KB908454.1$~&Oceanimonas$~&smirnovii$~&ATCC$~&BAA-899$~&G364DRAFT_scaffold00001.1,$~&whole$~&genome$~&shotgun$~&sequence_fragment_1_105	PF00154.21	3.9e-148	484.3
NZ_KB908475.1$~&Oceanimonas$~&smirnovii$~&ATCC$~&BAA-899$~&G364DRAFT_scaffold00022.22,$~&whole$~&genome$~&shotgun$~&sequence_fragment_1_20	PF14397.6	3.4999999999999997e-115	376.4
NZ_KB908475.1$~&Oceanimonas$~&smirnovii$~&ATCC$~&BAA-899$~&G364DRAFT_scaffold00022.22,$~&whole$~&genome$~&shotgun$~&sequence_fragment_1_19	PF14402.6	2.9e-112	366.4
NZ_KB908475.1$~&Oceanimonas$~&smirnovii$~&ATCC$~&BAA-899$~&G364DRAFT_scaffold00022.22,$~&whole$~&genome$~&shotgun$~&sequence_fragment_1_13	PF00152.20	4.2000000000000005e-111	363.2
NZ_KB908476.1$~&Oceanimonas$~&smirnovii$~&ATCC$~&BAA-899$~&G364DRAFT_scaffold00023.23,$~&whole$~&genome$~&shotgun$~&sequence_12	PF16363.5	2.2e-102	335.1
NZ_KB908475.1$~&Oceanimonas$~&smirnovii$~&ATCC$~&BAA-899$~&G364DRAFT_scaffold00022.22,$~&whole$~&genome$~&shotgun$~&sequence_fragment_1_11	PF01709.20	6e-100	325.9
NZ_KB908454.1$~&Oceanimonas$~&smirnovii$~&ATCC$~&BAA-899$~&G364DRAFT_scaffold00001.1,$~&whole$~&genome$~&shotgun$~&sequence_fragment_1_112	PF01207.17	1.1e-95	312.5
NZ_KB908454.1$~&Oceanimonas$~&smirnovii$~&ATCC$~&BAA-899$~&G364DRAFT_scaffold00001.1,$~&whole$~&genome$~&shotgun$~&sequence_fragment_1_103	PF00488.21	2.4e-88	287.4
NZ_KB908454.1$~&Oceanimonas$~&smirnovii$~&ATCC$~&BAA-899$~&G364DRAFT_scaffold00001.1,$~&whole$~&genome$~&shotgun$~&sequence_fragment_4_296	PF06067.11	4.9e-79	257.6
NZ_KB908454.1$~&Oceanimonas$~&smirnovii$~&ATCC$~&BAA-899$~&G364DRAFT_scaffold00001.1,$~&whole$~&genome$~&shotgun$~&sequence_fragment_1_99	PF01135.19	1.9000000000000001e-66	216.1
NZ_KB908475.1$~&Oceanimonas$~&smirnovii$~&ATCC$~&BAA-899$~&G364DRAFT_scaffold00022.22,$~&whole$~&genome$~&shotgun$~&sequence_fragment_1_10	PF02075.17	9.999999999999999e-64	206.0
NZ_KB908454.1$~&Oceanimonas$~&smirnovii$~&ATCC$~&BAA-899$~&G364DRAFT_scaffold00001.1,$~&whole$~&genome$~&shotgun$~&sequence_fragment_1_104	PF02464.17	2e-58	188.6
NZ_KB908463.1$~&Oceanimonas$~&smirnovii$~&ATCC$~&BAA-899$~&G364DRAFT_scaffold00010.10,$~&whole$~&genome$~&shotgun$~&sequence_fragment_1_1	PF00144.24	1.6e-57	187.5
NZ_KB908476.1$~&Oceanimonas$~&smirnovii$~&ATCC$~&BAA-899$~&G364DRAFT_scaffold00023.23,$~&whole$~&genome$~&shotgun$~&sequence_7	PF05045.12	4.7000000000000004e-57	186.1
NZ_KB908454.1$~&Oceanimonas$~&smirnovii$~&ATCC$~&BAA-899$~&G364DRAFT_scaffold00001.1,$~&whole$~&genome$~&shotgun$~&sequence_fragment_4_298	PF11726.8	7.999999999999999e-56	181.1
NZ_KB908475.1$~&Oceanimonas$~&smirnovii$~&ATCC$~&BAA-899$~&G364DRAFT_scaffold00022.22,$~&whole$~&genome$~&shotgun$~&sequence_fragment_1_14	PF01904.18	2.6e-54	176.9
NZ_KB908476.1$~&Oceanimonas$~&smirnovii$~&ATCC$~&BAA-899$~&G364DRAFT_scaffold00023.23,$~&whole$~&genome$~&shotgun$~&sequence_10	PF00535.26	4.9999999999999996e-54	175.0
NZ_KB908454.1$~&Oceanimonas$~&smirnovii$~&ATCC$~&BAA-899$~&G364DRAFT_scaffold00001.1,$~&whole$~&genome$~&shotgun$~&sequence_fragment_4_289	PF14335.6	2.7e-53	173.4
NZ_KB908463.1$~&Oceanimonas$~&smirnovii$~&ATCC$~&BAA-899$~&G364DRAFT_scaffold00010.10,$~&whole$~&genome$~&shotgun$~&sequence_fragment_1_4	PF02729.21	5.9e-51	164.7
NZ_KB908454.1$~&Oceanimonas$~&smirnovii$~&ATCC$~&BAA-899$~&G364DRAFT_scaffold00001.1,$~&whole$~&genome$~&shotgun$~&sequence_fragment_4_286	PF14103.6	1.3e-50	164.4
NZ_KB908454.1$~&Oceanimonas$~&smirnovii$~&ATCC$~&BAA-899$~&G364DRAFT_scaffold00001.1,$~&whole$~&genome$~&shotgun$~&sequence_fragment_1_110	PF03466.20	5.000000000000001e-49	158.8
NZ_KB908464.1$~&Oceanimonas$~&smirnovii$~&ATCC$~&BAA-899$~&G364DRAFT_scaffold00011.11,$~&whole$~&genome$~&shotgun$~&sequence_fragment_1_38	PF04463.12	1.8000000000000002e-44	143.5
NZ_KB908476.1$~&Oceanimonas$~&smirnovii$~&ATCC$~&BAA-899$~&G364DRAFT_scaffold00023.23,$~&whole$~&genome$~&shotgun$~&sequence_1	PF00342.19	2.7000000000000004e-44	143.8
NZ_KB908454.1$~&Oceanimonas$~&smirnovii$~&ATCC$~&BAA-899$~&G364DRAFT_scaffold00001.1,$~&whole$~&genome$~&shotgun$~&sequence_fragment_4_292	PF04002.15	5.300000000000001e-44	141.4
NZ_KB908475.1$~&Oceanimonas$~&smirnovii$~&ATCC$~&BAA-899$~&G364DRAFT_scaffold00022.22,$~&whole$~&genome$~&shotgun$~&sequence_fragment_1_18	PF05618.11	1.2e-42	137.4
NZ_KB908454.1$~&Oceanimonas$~&smirnovii$~&ATCC$~&BAA-899$~&G364DRAFT_scaffold00001.1,$~&whole$~&genome$~&shotgun$~&sequence_fragment_4_287	PF13304.6	4.8e-38	123.9
NZ_KB908464.1$~&Oceanimonas$~&smirnovii$~&ATCC$~&BAA-899$~&G364DRAFT_scaffold00011.11,$~&whole$~&genome$~&shotgun$~&sequence_fragment_1_41	PF10985.8	1.9e-37	119.9
NZ_KB908454.1$~&Oceanimonas$~&smirnovii$~&ATCC$~&BAA-899$~&G364DRAFT_scaffold00001.1,$~&whole$~&genome$~&shotgun$~&sequence_fragment_4_295	PF09588.10	1.5e-36	118.1
NZ_KB908463.1$~&Oceanimonas$~&smirnovii$~&ATCC$~&BAA-899$~&G364DRAFT_scaffold00010.10,$~&whole$~&genome$~&shotgun$~&sequence_fragment_1_3	PF01948.18	1.9e-34	110.2
NZ_KB908454.1$~&Oceanimonas$~&smirnovii$~&ATCC$~&BAA-899$~&G364DRAFT_scaffold00001.1,$~&whole$~&genome$~&shotgun$~&sequence_fragment_1_111	PF08534.10	1.2e-33	108.2
NZ_KB908454.1$~&Oceanimonas$~&smirnovii$~&ATCC$~&BAA-899$~&G364DRAFT_scaffold00001.1,$~&whole$~&genome$~&shotgun$~&sequence_fragment_4_288	PF01555.18	4e-33	107.3
NZ_KB908454.1$~&Oceanimonas$~&smirnovii$~&ATCC$~&BAA-899$~&G364DRAFT_scaffold00001.1,$~&whole$~&genome$~&shotgun$~&sequence_fragment_1_101	PF01476.20	6.9e-32	101.7
NZ_KB908454.1$~&Oceanimonas$~&smirnovii$~&ATCC$~&BAA-899$~&G364DRAFT_scaffold00001.1,$~&whole$~&genome$~&shotgun$~&sequence_fragment_1_106	PF02631.16	9.4e-31	99.2
NZ_KB908464.1$~&Oceanimonas$~&smirnovii$~&ATCC$~&BAA-899$~&G364DRAFT_scaffold00011.11,$~&whole$~&genome$~&shotgun$~&sequence_fragment_1_39	PF03831.14	3e-29	93.1
NZ_KB908454.1$~&Oceanimonas$~&smirnovii$~&ATCC$~&BAA-899$~&G364DRAFT_scaffold00001.1,$~&whole$~&genome$~&shotgun$~&sequence_fragment_1_108	PF02599.16	7.8e-29	91.8
NZ_KB908454.1$~&Oceanimonas$~&smirnovii$~&ATCC$~&BAA-899$~&G364DRAFT_scaffold00001.1,$~&whole$~&genome$~&shotgun$~&sequence_fragment_1_115	PF08808.11	1.9000000000000003e-28	91.7
NZ_KB908454.1$~&Oceanimonas$~&smirnovii$~&ATCC$~&BAA-899$~&G364DRAFT_scaffold00001.1,$~&whole$~&genome$~&shotgun$~&sequence_fragment_4_297	PF05930.12	3.6e-26	83.2
NZ_KB908463.1$~&Oceanimonas$~&smirnovii$~&ATCC$~&BAA-899$~&G364DRAFT_scaffold00010.10,$~&whole$~&genome$~&shotgun$~&sequence_fragment_1_7	PF01551.22	4.5999999999999995e-24	76.9
NZ_KB908454.1$~&Oceanimonas$~&smirnovii$~&ATCC$~&BAA-899$~&G364DRAFT_scaffold00001.1,$~&whole$~&genome$~&shotgun$~&sequence_fragment_1_102	PF04539.16	7.000000000000001e-24	76.1
NZ_KB908463.1$~&Oceanimonas$~&smirnovii$~&ATCC$~&BAA-899$~&G364DRAFT_scaffold00010.10,$~&whole$~&genome$~&shotgun$~&sequence_fragment_1_2	PF03865.13	6.9e-22	70.5
NZ_KB908464.1$~&Oceanimonas$~&smirnovii$~&ATCC$~&BAA-899$~&G364DRAFT_scaffold00011.11,$~&whole$~&genome$~&shotgun$~&sequence_fragment_1_45	PF13166.6	1.7e-21	68.8
NZ_KB908475.1$~&Oceanimonas$~&smirnovii$~&ATCC$~&BAA-899$~&G364DRAFT_scaffold00022.22,$~&whole$~&genome$~&shotgun$~&sequence_fragment_1_12	PF00293.28	5.2e-20	64.2
NZ_KB908464.1$~&Oceanimonas$~&smirnovii$~&ATCC$~&BAA-899$~&G364DRAFT_scaffold00011.11,$~&whole$~&genome$~&shotgun$~&sequence_fragment_1_44	PF01042.21	2.6e-19	61.8
NZ_KB908454.1$~&Oceanimonas$~&smirnovii$~&ATCC$~&BAA-899$~&G364DRAFT_scaffold00001.1,$~&whole$~&genome$~&shotgun$~&sequence_fragment_4_284	PF04851.15	6.7e-19	60.8
NZ_KB908463.1$~&Oceanimonas$~&smirnovii$~&ATCC$~&BAA-899$~&G364DRAFT_scaffold00010.10,$~&whole$~&genome$~&shotgun$~&sequence_fragment_1_6	PF00583.25	6.3e-18	57.5
NZ_KB908475.1$~&Oceanimonas$~&smirnovii$~&ATCC$~&BAA-899$~&G364DRAFT_scaffold00022.22,$~&whole$~&genome$~&shotgun$~&sequence_fragment_1_16	PF13649.6	4.5e-16	51.8
NZ_KB908464.1$~&Oceanimonas$~&smirnovii$~&ATCC$~&BAA-899$~&G364DRAFT_scaffold00011.11,$~&whole$~&genome$~&shotgun$~&sequence_fragment_1_42	PF05154.16	2e-15	49.2
NZ_KB908454.1$~&Oceanimonas$~&smirnovii$~&ATCC$~&BAA-899$~&G364DRAFT_scaffold00001.1,$~&whole$~&genome$~&shotgun$~&sequence_fragment_4_290	PF00271.31	3.5e-15	48.7
NZ_KB908454.1$~&Oceanimonas$~&smirnovii$~&ATCC$~&BAA-899$~&G364DRAFT_scaffold00001.1,$~&whole$~&genome$~&shotgun$~&sequence_fragment_1_100	PF09335.11	2.4e-13	43.0
NZ_KB908456.1$~&Oceanimonas$~&smirnovii$~&ATCC$~&BAA-899$~&G364DRAFT_scaffold00003.3,$~&whole$~&genome$~&shotgun$~&sequence_fragment_2_113	PF10758.9	7e-177	581.8
NZ_KB908455.1$~&Oceanimonas$~&smirnovii$~&ATCC$~&BAA-899$~&G364DRAFT_scaffold00002.2,$~&whole$~&genome$~&shotgun$~&sequence_fragment_3_277	PF00478.25	6.4000000000000005e-162	532.1
NZ_KB908456.1$~&Oceanimonas$~&smirnovii$~&ATCC$~&BAA-899$~&G364DRAFT_scaffold00003.3,$~&whole$~&genome$~&shotgun$~&sequence_fragment_1_7	PF00521.20	1.3e-156	515.5
NZ_KB908461.1$~&Oceanimonas$~&smirnovii$~&ATCC$~&BAA-899$~&G364DRAFT_scaffold00008.8,$~&whole$~&genome$~&shotgun$~&sequence_fragment_1_35	PF03738.14	3.5e-146	480.9
NZ_KB908455.1$~&Oceanimonas$~&smirnovii$~&ATCC$~&BAA-899$~&G364DRAFT_scaffold00002.2,$~&whole$~&genome$~&shotgun$~&sequence_fragment_3_233	PF05876.12	7.799999999999999e-140	460.8
NZ_KB908455.1$~&Oceanimonas$~&smirnovii$~&ATCC$~&BAA-899$~&G364DRAFT_scaffold00002.2,$~&whole$~&genome$~&shotgun$~&sequence_fragment_3_261	PF04381.12	6.000000000000001e-125	410.2
NZ_KB908456.1$~&Oceanimonas$~&smirnovii$~&ATCC$~&BAA-899$~&G364DRAFT_scaffold00003.3,$~&whole$~&genome$~&shotgun$~&sequence_fragment_1_9	PF02867.15	4.3e-124	408.6
NZ_KB908456.1$~&Oceanimonas$~&smirnovii$~&ATCC$~&BAA-899$~&G364DRAFT_scaffold00003.3,$~&whole$~&genome$~&shotgun$~&sequence_fragment_2_108	PF05125.12	1.6e-107	353.0
NZ_KB908455.1$~&Oceanimonas$~&smirnovii$~&ATCC$~&BAA-899$~&G364DRAFT_scaffold00002.2,$~&whole$~&genome$~&shotgun$~&sequence_fragment_2_123	PF02384.16	5.5000000000000004e-104	341.5
NZ_KB908455.1$~&Oceanimonas$~&smirnovii$~&ATCC$~&BAA-899$~&G364DRAFT_scaffold00002.2,$~&whole$~&genome$~&shotgun$~&sequence_fragment_3_278	PF02601.15	4.1e-102	335.6
NZ_KB908456.1$~&Oceanimonas$~&smirnovii$~&ATCC$~&BAA-899$~&G364DRAFT_scaffold00003.3,$~&whole$~&genome$~&shotgun$~&sequence_fragment_2_99	PF05840.13	2.5000000000000002e-89	293.2
NZ_KB908455.1$~&Oceanimonas$~&smirnovii$~&ATCC$~&BAA-899$~&G364DRAFT_scaffold00002.2,$~&whole$~&genome$~&shotgun$~&sequence_fragment_3_231	PF05136.13	1.7e-83	274.5
NZ_KB908477.1$~&Oceanimonas$~&smirnovii$~&ATCC$~&BAA-899$~&G364DRAFT_scaffold00024.24,$~&whole$~&genome$~&shotgun$~&sequence_7	PF05954.11	5.6e-81	265.9
NZ_KB908455.1$~&Oceanimonas$~&smirnovii$~&ATCC$~&BAA-899$~&G364DRAFT_scaffold00002.2,$~&whole$~&genome$~&shotgun$~&sequence_fragment_3_209	PF00682.19	3.2e-72	237.0
NZ_KB908455.1$~&Oceanimonas$~&smirnovii$~&ATCC$~&BAA-899$~&G364DRAFT_scaffold00002.2,$~&whole$~&genome$~&shotgun$~&sequence_fragment_3_219	PF05100.12	6.299999999999999e-69	225.2
NZ_KB908455.1$~&Oceanimonas$~&smirnovii$~&ATCC$~&BAA-899$~&G364DRAFT_scaffold00002.2,$~&whole$~&genome$~&shotgun$~&sequence_fragment_2_117	PF18766.1	3.3e-68	223.4
NZ_KB908456.1$~&Oceanimonas$~&smirnovii$~&ATCC$~&BAA-899$~&G364DRAFT_scaffold00003.3,$~&whole$~&genome$~&shotgun$~&sequence_fragment_1_15	PF00563.20	5.799999999999999e-68	222.7
NZ_KB908456.1$~&Oceanimonas$~&smirnovii$~&ATCC$~&BAA-899$~&G364DRAFT_scaffold00003.3,$~&whole$~&genome$~&shotgun$~&sequence_fragment_2_114	PF10772.9	9.3e-63	204.1
NZ_KB908470.1$~&Oceanimonas$~&smirnovii$~&ATCC$~&BAA-899$~&G364DRAFT_scaffold00017.17,$~&whole$~&genome$~&shotgun$~&sequence_fragment_1_77	PF00009.27	5.499999999999999e-62	202.5
NZ_KB908455.1$~&Oceanimonas$~&smirnovii$~&ATCC$~&BAA-899$~&G364DRAFT_scaffold00002.2,$~&whole$~&genome$~&shotgun$~&sequence_fragment_2_122	PF06250.11	2.2000000000000002e-60	196.8
NZ_KB908456.1$~&Oceanimonas$~&smirnovii$~&ATCC$~&BAA-899$~&G364DRAFT_scaffold00003.3,$~&whole$~&genome$~&shotgun$~&sequence_fragment_2_92	PF06892.11	3.7e-57	186.1
NZ_KB908457.1$~&Oceanimonas$~&smirnovii$~&ATCC$~&BAA-899$~&G364DRAFT_scaffold00004.4,$~&whole$~&genome$~&shotgun$~&sequence_fragment_1_21	PF00075.24	9.699999999999999e-55	178.5
NZ_KB908455.1$~&Oceanimonas$~&smirnovii$~&ATCC$~&BAA-899$~&G364DRAFT_scaffold00002.2,$~&whole$~&genome$~&shotgun$~&sequence_fragment_3_242	PF06147.11	9.1e-54	176.5
NZ_KB908456.1$~&Oceanimonas$~&smirnovii$~&ATCC$~&BAA-899$~&G364DRAFT_scaffold00003.3,$~&whole$~&genome$~&shotgun$~&sequence_fragment_2_106	PF03237.15	1e-52	172.7
NZ_KB908456.1$~&Oceanimonas$~&smirnovii$~&ATCC$~&BAA-899$~&G364DRAFT_scaffold00003.3,$~&whole$~&genome$~&shotgun$~&sequence_fragment_1_10	PF00268.21	5.3e-52	170.7
NZ_KB908456.1$~&Oceanimonas$~&smirnovii$~&ATCC$~&BAA-899$~&G364DRAFT_scaffold00003.3,$~&whole$~&genome$~&shotgun$~&sequence_fragment_2_109	PF05944.12	5.4e-48	156.1
NZ_KB908456.1$~&Oceanimonas$~&smirnovii$~&ATCC$~&BAA-899$~&G364DRAFT_scaffold00003.3,$~&whole$~&genome$~&shotgun$~&sequence_fragment_2_107	PF05929.11	1.9e-46	152.6
NZ_KB908455.1$~&Oceanimonas$~&smirnovii$~&ATCC$~&BAA-899$~&G364DRAFT_scaffold00002.2,$~&whole$~&genome$~&shotgun$~&sequence_fragment_3_268	PF00436.25	2.2e-46	150.1
NZ_KB908455.1$~&Oceanimonas$~&smirnovii$~&ATCC$~&BAA-899$~&G364DRAFT_scaffold00002.2,$~&whole$~&genome$~&shotgun$~&sequence_fragment_3_276	PF00958.22	2.2e-45	146.5
NZ_KB908456.1$~&Oceanimonas$~&smirnovii$~&ATCC$~&BAA-899$~&G364DRAFT_scaffold00003.3,$~&whole$~&genome$~&shotgun$~&sequence_fragment_2_110	PF05926.11	2.2e-44	144.6
NZ_KB908456.1$~&Oceanimonas$~&smirnovii$~&ATCC$~&BAA-899$~&G364DRAFT_scaffold00003.3,$~&whole$~&genome$~&shotgun$~&sequence_fragment_2_121	PF10761.9	1.9e-42	137.3
NZ_KB908455.1$~&Oceanimonas$~&smirnovii$~&ATCC$~&BAA-899$~&G364DRAFT_scaffold00002.2,$~&whole$~&genome$~&shotgun$~&sequence_fragment_1_75	PF13644.6	2.4e-42	138.9
NZ_KB908455.1$~&Oceanimonas$~&smirnovii$~&ATCC$~&BAA-899$~&G364DRAFT_scaffold00002.2,$~&whole$~&genome$~&shotgun$~&sequence_fragment_3_266	PF05869.11	6.4e-42	136.8
NZ_KB908457.1$~&Oceanimonas$~&smirnovii$~&ATCC$~&BAA-899$~&G364DRAFT_scaffold00004.4,$~&whole$~&genome$~&shotgun$~&sequence_fragment_1_22	PF00929.24	9.4e-40	130.6
NZ_KB908455.1$~&Oceanimonas$~&smirnovii$~&ATCC$~&BAA-899$~&G364DRAFT_scaffold00002.2,$~&whole$~&genome$~&shotgun$~&sequence_fragment_3_224	PF16461.5	3e-39	127.6
NZ_KB908456.1$~&Oceanimonas$~&smirnovii$~&ATCC$~&BAA-899$~&G364DRAFT_scaffold00003.3,$~&whole$~&genome$~&shotgun$~&sequence_fragment_3_208	PF13430.6	3.1e-36	117.7
NZ_KB908456.1$~&Oceanimonas$~&smirnovii$~&ATCC$~&BAA-899$~&G364DRAFT_scaffold00003.3,$~&whole$~&genome$~&shotgun$~&sequence_fragment_2_119	PF10963.8	5e-36	116.6
NZ_KB908456.1$~&Oceanimonas$~&smirnovii$~&ATCC$~&BAA-899$~&G364DRAFT_scaffold00003.3,$~&whole$~&genome$~&shotgun$~&sequence_fragment_3_205	PF08883.11	9.5e-36	116.1
NZ_KB908461.1$~&Oceanimonas$~&smirnovii$~&ATCC$~&BAA-899$~&G364DRAFT_scaffold00008.8,$~&whole$~&genome$~&shotgun$~&sequence_fragment_1_33	PF13280.6	1.8999999999999998e-35	116.2
NZ_KB908456.1$~&Oceanimonas$~&smirnovii$~&ATCC$~&BAA-899$~&G364DRAFT_scaffold00003.3,$~&whole$~&genome$~&shotgun$~&sequence_fragment_2_124	PF12571.8	8e-35	113.9
NZ_KB908455.1$~&Oceanimonas$~&smirnovii$~&ATCC$~&BAA-899$~&G364DRAFT_scaffold00002.2,$~&whole$~&genome$~&shotgun$~&sequence_fragment_3_230	PF00574.23	1.4e-34	113.3
NZ_KB908455.1$~&Oceanimonas$~&smirnovii$~&ATCC$~&BAA-899$~&G364DRAFT_scaffold00002.2,$~&whole$~&genome$~&shotgun$~&sequence_fragment_2_118	PF03235.14	2.7e-34	113.0
NZ_KB908456.1$~&Oceanimonas$~&smirnovii$~&ATCC$~&BAA-899$~&G364DRAFT_scaffold00003.3,$~&whole$~&genome$~&shotgun$~&sequence_fragment_1_18	PF11937.8	3.8e-34	112.2
NZ_KB908455.1$~&Oceanimonas$~&smirnovii$~&ATCC$~&BAA-899$~&G364DRAFT_scaffold00002.2,$~&whole$~&genome$~&shotgun$~&sequence_fragment_3_226	PF06763.11	9.999999999999999e-33	107.3
NZ_KB908456.1$~&Oceanimonas$~&smirnovii$~&ATCC$~&BAA-899$~&G364DRAFT_scaffold00003.3,$~&whole$~&genome$~&shotgun$~&sequence_fragment_1_19	PF13604.6	2.5e-32	105.9
NZ_KB908455.1$~&Oceanimonas$~&smirnovii$~&ATCC$~&BAA-899$~&G364DRAFT_scaffold00002.2,$~&whole$~&genome$~&shotgun$~&sequence_fragment_2_119	PF03235.14	1.2e-31	104.3
NZ_KB908456.1$~&Oceanimonas$~&smirnovii$~&ATCC$~&BAA-899$~&G364DRAFT_scaffold00003.3,$~&whole$~&genome$~&shotgun$~&sequence_fragment_2_116	PF05106.12	1.9999999999999998e-30	99.0
NZ_KB908455.1$~&Oceanimonas$~&smirnovii$~&ATCC$~&BAA-899$~&G364DRAFT_scaffold00002.2,$~&whole$~&genome$~&shotgun$~&sequence_fragment_3_216	PF13550.6	1.9999999999999998e-30	99.6
NZ_KB908455.1$~&Oceanimonas$~&smirnovii$~&ATCC$~&BAA-899$~&G364DRAFT_scaffold00002.2,$~&whole$~&genome$~&shotgun$~&sequence_fragment_3_238	PF08965.10	2.5000000000000002e-30	98.8
NZ_KB908456.1$~&Oceanimonas$~&smirnovii$~&ATCC$~&BAA-899$~&G364DRAFT_scaffold00003.3,$~&whole$~&genome$~&shotgun$~&sequence_fragment_1_14	PF03109.16	2.6000000000000002e-30	98.9
NZ_KB908455.1$~&Oceanimonas$~&smirnovii$~&ATCC$~&BAA-899$~&G364DRAFT_scaffold00002.2,$~&whole$~&genome$~&shotgun$~&sequence_fragment_3_234	PF07471.12	4.6000000000000004e-30	98.3
NZ_KB908455.1$~&Oceanimonas$~&smirnovii$~&ATCC$~&BAA-899$~&G364DRAFT_scaffold00002.2,$~&whole$~&genome$~&shotgun$~&sequence_fragment_1_77	PF00174.19	3.2999999999999997e-29	95.5
NZ_KB908457.1$~&Oceanimonas$~&smirnovii$~&ATCC$~&BAA-899$~&G364DRAFT_scaffold00004.4,$~&whole$~&genome$~&shotgun$~&sequence_fragment_1_18	PF01476.20	1.5000000000000002e-28	92.5
NZ_KB908470.1$~&Oceanimonas$~&smirnovii$~&ATCC$~&BAA-899$~&G364DRAFT_scaffold00017.17,$~&whole$~&genome$~&shotgun$~&sequence_fragment_1_82	PF04986.13	2.2000000000000004e-28	93.3
NZ_KB908456.1$~&Oceanimonas$~&smirnovii$~&ATCC$~&BAA-899$~&G364DRAFT_scaffold00003.3,$~&whole$~&genome$~&shotgun$~&sequence_fragment_2_111	PF06891.11	2.4e-28	92.7
NZ_KB908455.1$~&Oceanimonas$~&smirnovii$~&ATCC$~&BAA-899$~&G364DRAFT_scaffold00002.2,$~&whole$~&genome$~&shotgun$~&sequence_fragment_3_220	PF05939.13	5.7e-28	91.3
NZ_KB908455.1$~&Oceanimonas$~&smirnovii$~&ATCC$~&BAA-899$~&G364DRAFT_scaffold00002.2,$~&whole$~&genome$~&shotgun$~&sequence_fragment_3_246	PF03374.14	7.700000000000001e-28	90.8
NZ_KB908456.1$~&Oceanimonas$~&smirnovii$~&ATCC$~&BAA-899$~&G364DRAFT_scaffold00003.3,$~&whole$~&genome$~&shotgun$~&sequence_fragment_3_204	PF03235.14	7.800000000000001e-28	91.9
NZ_KB908456.1$~&Oceanimonas$~&smirnovii$~&ATCC$~&BAA-899$~&G364DRAFT_scaffold00003.3,$~&whole$~&genome$~&shotgun$~&sequence_fragment_1_8	PF13489.6	8.9e-28	91.0
NZ_KB908469.1$~&Oceanimonas$~&smirnovii$~&ATCC$~&BAA-899$~&G364DRAFT_scaffold00016.16,$~&whole$~&genome$~&shotgun$~&sequence_fragment_1_17	PF12167.8	1.7000000000000002e-27	89.0
NZ_KB908457.1$~&Oceanimonas$~&smirnovii$~&ATCC$~&BAA-899$~&G364DRAFT_scaffold00004.4,$~&whole$~&genome$~&shotgun$~&sequence_fragment_1_19	PF16123.5	3.5e-27	88.6
NZ_KB908455.1$~&Oceanimonas$~&smirnovii$~&ATCC$~&BAA-899$~&G364DRAFT_scaffold00002.2,$~&whole$~&genome$~&shotgun$~&sequence_fragment_3_249	PF09524.10	3.8e-27	88.0
NZ_KB908456.1$~&Oceanimonas$~&smirnovii$~&ATCC$~&BAA-899$~&G364DRAFT_scaffold00003.3,$~&whole$~&genome$~&shotgun$~&sequence_fragment_2_120	PF10145.9	1.6e-26	87.2
NZ_KB908455.1$~&Oceanimonas$~&smirnovii$~&ATCC$~&BAA-899$~&G364DRAFT_scaffold00002.2,$~&whole$~&genome$~&shotgun$~&sequence_fragment_1_81	PF13358.6	7.9e-26	84.4
NZ_KB908456.1$~&Oceanimonas$~&smirnovii$~&ATCC$~&BAA-899$~&G364DRAFT_scaffold00003.3,$~&whole$~&genome$~&shotgun$~&sequence_fragment_2_122	PF04865.14	9.999999999999999e-26	84.1
NZ_KB908456.1$~&Oceanimonas$~&smirnovii$~&ATCC$~&BAA-899$~&G364DRAFT_scaffold00003.3,$~&whole$~&genome$~&shotgun$~&sequence_fragment_2_86	PF00589.22	1.9999999999999998e-25	83.3
NZ_KB908455.1$~&Oceanimonas$~&smirnovii$~&ATCC$~&BAA-899$~&G364DRAFT_scaffold00002.2,$~&whole$~&genome$~&shotgun$~&sequence_fragment_2_121	PF01420.19	2.3e-25	83.6
NZ_KB908455.1$~&Oceanimonas$~&smirnovii$~&ATCC$~&BAA-899$~&G364DRAFT_scaffold00002.2,$~&whole$~&genome$~&shotgun$~&sequence_fragment_3_275	PF00589.22	2.8e-25	82.9
NZ_KB908455.1$~&Oceanimonas$~&smirnovii$~&ATCC$~&BAA-899$~&G364DRAFT_scaffold00002.2,$~&whole$~&genome$~&shotgun$~&sequence_fragment_3_255	PF11236.8	4.6e-25	82.2
NZ_KB908455.1$~&Oceanimonas$~&smirnovii$~&ATCC$~&BAA-899$~&G364DRAFT_scaffold00002.2,$~&whole$~&genome$~&shotgun$~&sequence_fragment_3_237	PF16083.5	1.0999999999999998e-24	80.2
NZ_KB908456.1$~&Oceanimonas$~&smirnovii$~&ATCC$~&BAA-899$~&G364DRAFT_scaffold00003.3,$~&whole$~&genome$~&shotgun$~&sequence_fragment_1_16	PF10099.9	9.099999999999998e-24	78.5
NZ_KB908456.1$~&Oceanimonas$~&smirnovii$~&ATCC$~&BAA-899$~&G364DRAFT_scaffold00003.3,$~&whole$~&genome$~&shotgun$~&sequence_fragment_2_125	PF14301.6	1.6000000000000002e-22	73.6
NZ_KB908470.1$~&Oceanimonas$~&smirnovii$~&ATCC$~&BAA-899$~&G364DRAFT_scaffold00017.17,$~&whole$~&genome$~&shotgun$~&sequence_fragment_1_79	PF14072.6	2.5000000000000002e-22	73.3
NZ_KB908455.1$~&Oceanimonas$~&smirnovii$~&ATCC$~&BAA-899$~&G364DRAFT_scaffold00002.2,$~&whole$~&genome$~&shotgun$~&sequence_fragment_3_235	PF03245.13	3.2000000000000003e-22	72.8
NZ_KB908461.1$~&Oceanimonas$~&smirnovii$~&ATCC$~&BAA-899$~&G364DRAFT_scaffold00008.8,$~&whole$~&genome$~&shotgun$~&sequence_fragment_1_32	PF05958.11	7.900000000000001e-22	71.4
NZ_KB908455.1$~&Oceanimonas$~&smirnovii$~&ATCC$~&BAA-899$~&G364DRAFT_scaffold00002.2,$~&whole$~&genome$~&shotgun$~&sequence_fragment_3_240	PF06530.12	3.9e-21	69.0
NZ_KB908455.1$~&Oceanimonas$~&smirnovii$~&ATCC$~&BAA-899$~&G364DRAFT_scaffold00002.2,$~&whole$~&genome$~&shotgun$~&sequence_fragment_2_120	PF13749.6	9.7e-21	67.6
NZ_KB908455.1$~&Oceanimonas$~&smirnovii$~&ATCC$~&BAA-899$~&G364DRAFT_scaffold00002.2,$~&whole$~&genome$~&shotgun$~&sequence_fragment_3_253	PF00717.23	1.6e-20	66.7
NZ_KB908457.1$~&Oceanimonas$~&smirnovii$~&ATCC$~&BAA-899$~&G364DRAFT_scaffold00004.4,$~&whole$~&genome$~&shotgun$~&sequence_fragment_1_25	PF03061.22	1.8e-20	66.9
NZ_KB908469.1$~&Oceanimonas$~&smirnovii$~&ATCC$~&BAA-899$~&G364DRAFT_scaffold00016.16,$~&whole$~&genome$~&shotgun$~&sequence_fragment_1_15	PF13443.6	2.9e-20	66.3
NZ_KB908455.1$~&Oceanimonas$~&smirnovii$~&ATCC$~&BAA-899$~&G364DRAFT_scaffold00002.2,$~&whole$~&genome$~&shotgun$~&sequence_fragment_3_241	PF05866.11	2.9e-20	66.9
NZ_KB908477.1$~&Oceanimonas$~&smirnovii$~&ATCC$~&BAA-899$~&G364DRAFT_scaffold00024.24,$~&whole$~&genome$~&shotgun$~&sequence_6	PF13503.6	3.1e-20	66.8
NZ_KB908456.1$~&Oceanimonas$~&smirnovii$~&ATCC$~&BAA-899$~&G364DRAFT_scaffold00003.3,$~&whole$~&genome$~&shotgun$~&sequence_fragment_2_85	PF04607.17	5.1e-20	65.8
NZ_KB908455.1$~&Oceanimonas$~&smirnovii$~&ATCC$~&BAA-899$~&G364DRAFT_scaffold00002.2,$~&whole$~&genome$~&shotgun$~&sequence_fragment_3_210	PF12833.7	8.2e-20	64.8
NZ_KB908469.1$~&Oceanimonas$~&smirnovii$~&ATCC$~&BAA-899$~&G364DRAFT_scaffold00016.16,$~&whole$~&genome$~&shotgun$~&sequence_fragment_1_10	PF15731.5	1e-19	64.8
NZ_KB908455.1$~&Oceanimonas$~&smirnovii$~&ATCC$~&BAA-899$~&G364DRAFT_scaffold00002.2,$~&whole$~&genome$~&shotgun$~&sequence_fragment_3_222	PF06223.12	2e-19	63.9
NZ_KB908457.1$~&Oceanimonas$~&smirnovii$~&ATCC$~&BAA-899$~&G364DRAFT_scaffold00004.4,$~&whole$~&genome$~&shotgun$~&sequence_fragment_1_24	PF03372.23	5.7e-19	62.3
NZ_KB908455.1$~&Oceanimonas$~&smirnovii$~&ATCC$~&BAA-899$~&G364DRAFT_scaffold00002.2,$~&whole$~&genome$~&shotgun$~&sequence_fragment_1_80	PF01527.20	1.4e-18	60.8
NZ_KB908456.1$~&Oceanimonas$~&smirnovii$~&ATCC$~&BAA-899$~&G364DRAFT_scaffold00003.3,$~&whole$~&genome$~&shotgun$~&sequence_fragment_1_17	PF04542.14	2.4e-18	59.6
NZ_KB908456.1$~&Oceanimonas$~&smirnovii$~&ATCC$~&BAA-899$~&G364DRAFT_scaffold00003.3,$~&whole$~&genome$~&shotgun$~&sequence_fragment_1_11	PF07383.12	1.2e-17	57.1
NZ_KB908456.1$~&Oceanimonas$~&smirnovii$~&ATCC$~&BAA-899$~&G364DRAFT_scaffold00003.3,$~&whole$~&genome$~&shotgun$~&sequence_fragment_3_201	PF13304.6	1.2e-17	58.4
NZ_KB908456.1$~&Oceanimonas$~&smirnovii$~&ATCC$~&BAA-899$~&G364DRAFT_scaffold00003.3,$~&whole$~&genome$~&shotgun$~&sequence_fragment_2_100	PF08681.11	2.4e-17	56.5
NZ_KB908455.1$~&Oceanimonas$~&smirnovii$~&ATCC$~&BAA-899$~&G364DRAFT_scaffold00002.2,$~&whole$~&genome$~&shotgun$~&sequence_fragment_1_79	PF13683.6	2.9e-17	56.1
NZ_KB908455.1$~&Oceanimonas$~&smirnovii$~&ATCC$~&BAA-899$~&G364DRAFT_scaffold00002.2,$~&whole$~&genome$~&shotgun$~&sequence_fragment_3_251	PF06892.11	3e-17	56.4
NZ_KB908461.1$~&Oceanimonas$~&smirnovii$~&ATCC$~&BAA-899$~&G364DRAFT_scaffold00008.8,$~&whole$~&genome$~&shotgun$~&sequence_fragment_1_36	PF06693.11	8.6e-17	55.8
NZ_KB908455.1$~&Oceanimonas$~&smirnovii$~&ATCC$~&BAA-899$~&G364DRAFT_scaffold00002.2,$~&whole$~&genome$~&shotgun$~&sequence_fragment_3_274	PF05930.12	2.1e-16	53.4
NZ_KB908455.1$~&Oceanimonas$~&smirnovii$~&ATCC$~&BAA-899$~&G364DRAFT_scaffold00002.2,$~&whole$~&genome$~&shotgun$~&sequence_fragment_1_73	PF13673.7	2.2e-16	53.8
NZ_KB908455.1$~&Oceanimonas$~&smirnovii$~&ATCC$~&BAA-899$~&G364DRAFT_scaffold00002.2,$~&whole$~&genome$~&shotgun$~&sequence_fragment_3_236	PF13539.6	1.1e-15	51.7
NZ_KB908456.1$~&Oceanimonas$~&smirnovii$~&ATCC$~&BAA-899$~&G364DRAFT_scaffold00003.3,$~&whole$~&genome$~&shotgun$~&sequence_fragment_2_115	PF01258.17	1.1e-15	51.2
NZ_KB908456.1$~&Oceanimonas$~&smirnovii$~&ATCC$~&BAA-899$~&G364DRAFT_scaffold00003.3,$~&whole$~&genome$~&shotgun$~&sequence_fragment_2_105	PF04860.12	4.4e-15	49.4
NZ_KB908455.1$~&Oceanimonas$~&smirnovii$~&ATCC$~&BAA-899$~&G364DRAFT_scaffold00002.2,$~&whole$~&genome$~&shotgun$~&sequence_fragment_3_269	PF02498.17	2.6e-14	47.5
NZ_KB908469.1$~&Oceanimonas$~&smirnovii$~&ATCC$~&BAA-899$~&G364DRAFT_scaffold00016.16,$~&whole$~&genome$~&shotgun$~&sequence_fragment_1_8	PF02384.16	4.6e-14	46.1
NZ_KB908456.1$~&Oceanimonas$~&smirnovii$~&ATCC$~&BAA-899$~&G364DRAFT_scaffold00003.3,$~&whole$~&genome$~&shotgun$~&sequence_fragment_2_101	PF13673.7	5.5e-14	46.0
NZ_KB908455.1$~&Oceanimonas$~&smirnovii$~&ATCC$~&BAA-899$~&G364DRAFT_scaffold00002.2,$~&whole$~&genome$~&shotgun$~&sequence_fragment_3_218	PF00877.19	8.3e-14	45.4
NZ_KB908456.1$~&Oceanimonas$~&smirnovii$~&ATCC$~&BAA-899$~&G364DRAFT_scaffold00003.3,$~&whole$~&genome$~&shotgun$~&sequence_fragment_2_117	PF00959.19	9.1e-14	45.7
NZ_KB908456.1$~&Oceanimonas$~&smirnovii$~&ATCC$~&BAA-899$~&G364DRAFT_scaffold00003.3,$~&whole$~&genome$~&shotgun$~&sequence_fragment_2_104	PF04606.12	1.2e-13	44.7
NZ_KB908455.1$~&Oceanimonas$~&smirnovii$~&ATCC$~&BAA-899$~&G364DRAFT_scaffold00002.2,$~&whole$~&genome$~&shotgun$~&sequence_fragment_3_264	PF12728.7	7.3e-13	42.4
NZ_KB908469.1$~&Oceanimonas$~&smirnovii$~&ATCC$~&BAA-899$~&G364DRAFT_scaffold00016.16,$~&whole$~&genome$~&shotgun$~&sequence_fragment_1_3	PF00149.28	8.9e-13	43.0
NZ_KB908455.1$~&Oceanimonas$~&smirnovii$~&ATCC$~&BAA-899$~&G364DRAFT_scaffold00002.2,$~&whole$~&genome$~&shotgun$~&sequence_fragment_3_217	PF06805.12	2.8e-12	40.7
